-- phpMyAdmin SQL Dump
-- version 5.2.1
-- https://www.phpmyadmin.net/
--
-- Host: 127.0.0.1
-- Generation Time: Mar 24, 2024 at 04:10 AM
-- Server version: 10.4.28-MariaDB
-- PHP Version: 8.0.28

SET SQL_MODE = "NO_AUTO_VALUE_ON_ZERO";
START TRANSACTION;
SET time_zone = "+00:00";


/*!40101 SET @OLD_CHARACTER_SET_CLIENT=@@CHARACTER_SET_CLIENT */;
/*!40101 SET @OLD_CHARACTER_SET_RESULTS=@@CHARACTER_SET_RESULTS */;
/*!40101 SET @OLD_COLLATION_CONNECTION=@@COLLATION_CONNECTION */;
/*!40101 SET NAMES utf8mb4 */;

--
-- Database: `resto`
--

-- --------------------------------------------------------

--
-- Table structure for table `tb_level`
--

CREATE TABLE `tb_level` (
  `id_level` int(11) NOT NULL,
  `nama_level` varchar(150) NOT NULL
) ENGINE=InnoDB DEFAULT CHARSET=latin1 COLLATE=latin1_swedish_ci;

--
-- Dumping data for table `tb_level`
--

INSERT INTO `tb_level` (`id_level`, `nama_level`) VALUES
(1, 'Administrator'),
(2, 'Waiter'),
(3, 'Kasir'),
(4, 'Owner'),
(5, 'Pelanggan\r\n');

-- --------------------------------------------------------

--
-- Table structure for table `tb_masakan`
--

CREATE TABLE `tb_masakan` (
  `id_masakan` int(11) NOT NULL,
  `nama_masakan` varchar(150) NOT NULL,
  `harga` varchar(150) NOT NULL,
  `stok` int(11) NOT NULL,
  `status_masakan` varchar(150) NOT NULL,
  `gambar_masakan` varchar(150) NOT NULL
) ENGINE=InnoDB DEFAULT CHARSET=latin1 COLLATE=latin1_swedish_ci;

--
-- Dumping data for table `tb_masakan`
--

INSERT INTO `tb_masakan` (`id_masakan`, `nama_masakan`, `harga`, `stok`, `status_masakan`, `gambar_masakan`) VALUES
(23, 'Cromboloni Cokelat', '35000', 9, 'tersedia', 'Cromboloni Cokelat.png'),
(24, 'Chocolate Cheese', '37000', 13, 'tersedia', 'Chocolate Cheese.png'),
(25, 'Strawberry Toast', '27000', 10, 'tersedia', 'Strawberry Toast.png'),
(26, 'Cromboloni Almond', '35000', 7, 'tersedia', 'Cromboloni Almond.png'),
(27, 'Caramel Latte', '37000', 12, 'tersedia', 'Caramel Latte.png'),
(28, 'Ice Mocca Latte', '35000', 11, 'tersedia', 'Ice Mocca.png'),
(29, 'Nuttela Cafe Latte', '35000', 13, 'tersedia', 'Nuttela Cafe Latte.png'),
(30, 'Waffles Creams', '28000', 22, 'tersedia', 'Waffles Creams.png');

-- --------------------------------------------------------

--
-- Table structure for table `tb_order`
--

CREATE TABLE `tb_order` (
  `id_order` int(11) NOT NULL,
  `id_admin` int(11) DEFAULT NULL,
  `id_pengunjung` int(11) NOT NULL,
  `waktu_pesan` datetime NOT NULL,
  `no_meja` int(11) NOT NULL,
  `total_harga` varchar(150) NOT NULL,
  `uang_bayar` varchar(150) DEFAULT NULL,
  `uang_kembali` varchar(150) DEFAULT NULL,
  `status_order` varchar(150) NOT NULL
) ENGINE=InnoDB DEFAULT CHARSET=latin1 COLLATE=latin1_swedish_ci;

--
-- Dumping data for table `tb_order`
--

INSERT INTO `tb_order` (`id_order`, `id_admin`, `id_pengunjung`, `waktu_pesan`, `no_meja`, `total_harga`, `uang_bayar`, `uang_kembali`, `status_order`) VALUES
(27, 1, 15, '2024-03-23 10:32:28', 20, '107000', '150000', '43000', 'sudah bayar');

-- --------------------------------------------------------

--
-- Table structure for table `tb_pesan`
--

CREATE TABLE `tb_pesan` (
  `id_pesan` int(11) NOT NULL,
  `id_user` int(11) NOT NULL,
  `id_order` int(11) DEFAULT NULL,
  `id_masakan` int(11) NOT NULL,
  `jumlah` int(11) DEFAULT NULL,
  `status_pesan` varchar(150) DEFAULT NULL
) ENGINE=InnoDB DEFAULT CHARSET=latin1 COLLATE=latin1_swedish_ci;

--
-- Dumping data for table `tb_pesan`
--

INSERT INTO `tb_pesan` (`id_pesan`, `id_user`, `id_order`, `id_masakan`, `jumlah`, `status_pesan`) VALUES
(51, 1, 0, 19, 0, 'sudah'),
(52, 1, 0, 18, 0, 'sudah'),
(61, 1, 0, 30, 0, 'sudah'),
(62, 1, 0, 26, 0, 'sudah'),
(63, 1, 0, 28, 0, 'sudah'),
(64, 15, 27, 23, 1, 'sudah'),
(65, 15, 27, 28, 1, 'sudah'),
(66, 15, 27, 24, 1, 'sudah');

-- --------------------------------------------------------

--
-- Table structure for table `tb_stok`
--

CREATE TABLE `tb_stok` (
  `id_stok` int(11) NOT NULL,
  `id_pesan` int(11) NOT NULL,
  `jumlah_terjual` int(11) DEFAULT NULL,
  `status_cetak` varchar(150) NOT NULL
) ENGINE=InnoDB DEFAULT CHARSET=latin1 COLLATE=latin1_swedish_ci;

--
-- Dumping data for table `tb_stok`
--

INSERT INTO `tb_stok` (`id_stok`, `id_pesan`, `jumlah_terjual`, `status_cetak`) VALUES
(1, 46, 1, 'belum cetak'),
(2, 47, 2, 'belum cetak'),
(3, 48, 2, 'belum cetak'),
(4, 49, 1, 'belum cetak'),
(5, 50, 2, 'belum cetak'),
(6, 51, 0, 'belum cetak'),
(7, 52, 0, 'belum cetak'),
(8, 53, 0, 'belum cetak'),
(9, 54, 0, 'belum cetak'),
(10, 55, 0, 'belum cetak'),
(11, 56, 2, 'belum cetak'),
(12, 57, 1, 'belum cetak'),
(13, 58, 6, 'belum cetak'),
(14, 59, 1, 'belum cetak'),
(15, 60, 1, 'belum cetak'),
(16, 61, 0, 'belum cetak'),
(17, 62, 0, 'belum cetak'),
(18, 63, 0, 'belum cetak'),
(19, 64, 1, 'belum cetak'),
(20, 65, 1, 'belum cetak'),
(21, 66, 1, 'belum cetak');

-- --------------------------------------------------------

--
-- Table structure for table `tb_user`
--

CREATE TABLE `tb_user` (
  `id_user` int(11) NOT NULL,
  `username` varchar(150) NOT NULL,
  `password` varchar(150) NOT NULL,
  `nama_user` varchar(150) NOT NULL,
  `id_level` int(11) NOT NULL,
  `status` varchar(150) NOT NULL
) ENGINE=InnoDB DEFAULT CHARSET=latin1 COLLATE=latin1_swedish_ci;

--
-- Dumping data for table `tb_user`
--

INSERT INTO `tb_user` (`id_user`, `username`, `password`, `nama_user`, `id_level`, `status`) VALUES
(7, 'rara', '123', 'rara', 3, 'aktif'),
(8, 'aini', '123', 'aini', 4, 'aktif'),
(15, 'jojo', '123', 'jojo', 5, 'aktif'),
(18, 'sasa', '123', 'sasa', 2, 'aktif'),
(19, 'sisi', '123', 'sisi', 2, 'nonaktif'),
(20, 'sandrina12', '123', 'sandrina', 5, 'aktif'),
(21, 'lilah', '123', 'lilah', 1, 'aktif');

--
-- Indexes for dumped tables
--

--
-- Indexes for table `tb_level`
--
ALTER TABLE `tb_level`
  ADD PRIMARY KEY (`id_level`);

--
-- Indexes for table `tb_masakan`
--
ALTER TABLE `tb_masakan`
  ADD PRIMARY KEY (`id_masakan`);

--
-- Indexes for table `tb_order`
--
ALTER TABLE `tb_order`
  ADD PRIMARY KEY (`id_order`),
  ADD KEY `id_admin` (`id_admin`),
  ADD KEY `id_pengunjung` (`id_pengunjung`);

--
-- Indexes for table `tb_pesan`
--
ALTER TABLE `tb_pesan`
  ADD PRIMARY KEY (`id_pesan`);

--
-- Indexes for table `tb_stok`
--
ALTER TABLE `tb_stok`
  ADD PRIMARY KEY (`id_stok`);

--
-- Indexes for table `tb_user`
--
ALTER TABLE `tb_user`
  ADD PRIMARY KEY (`id_user`),
  ADD UNIQUE KEY `username` (`username`),
  ADD KEY `id_level` (`id_level`);

--
-- AUTO_INCREMENT for dumped tables
--

--
-- AUTO_INCREMENT for table `tb_level`
--
ALTER TABLE `tb_level`
  MODIFY `id_level` int(11) NOT NULL AUTO_INCREMENT, AUTO_INCREMENT=6;

--
-- AUTO_INCREMENT for table `tb_masakan`
--
ALTER TABLE `tb_masakan`
  MODIFY `id_masakan` int(11) NOT NULL AUTO_INCREMENT, AUTO_INCREMENT=31;

--
-- AUTO_INCREMENT for table `tb_order`
--
ALTER TABLE `tb_order`
  MODIFY `id_order` int(11) NOT NULL AUTO_INCREMENT, AUTO_INCREMENT=28;

--
-- AUTO_INCREMENT for table `tb_pesan`
--
ALTER TABLE `tb_pesan`
  MODIFY `id_pesan` int(11) NOT NULL AUTO_INCREMENT, AUTO_INCREMENT=67;

--
-- AUTO_INCREMENT for table `tb_stok`
--
ALTER TABLE `tb_stok`
  MODIFY `id_stok` int(11) NOT NULL AUTO_INCREMENT, AUTO_INCREMENT=22;

--
-- AUTO_INCREMENT for table `tb_user`
--
ALTER TABLE `tb_user`
  MODIFY `id_user` int(11) NOT NULL AUTO_INCREMENT, AUTO_INCREMENT=22;

--
-- Constraints for dumped tables
--

--
-- Constraints for table `tb_user`
--
ALTER TABLE `tb_user`
  ADD CONSTRAINT `tb_user_ibfk_1` FOREIGN KEY (`id_level`) REFERENCES `tb_level` (`id_level`);
COMMIT;

/*!40101 SET CHARACTER_SET_CLIENT=@OLD_CHARACTER_SET_CLIENT */;
/*!40101 SET CHARACTER_SET_RESULTS=@OLD_CHARACTER_SET_RESULTS */;
/*!40101 SET COLLATION_CONNECTION=@OLD_COLLATION_CONNECTION */;
